protocol,threshold,seed,reroutes,throughput_mbps,pdr,delay_ms,loss
conventional,0,1,0,0.119638,78.3662,102.531,21.6338
conventional,0,2,0,0.209355,89.087,133.816,10.913
conventional,0,3,0,0.127618,79.6882,121.727,20.3118
conventional,0,4,0,0.144928,84.453,115.34,15.547
conventional,0,5,0,0.177585,87.8562,101.907,12.1438
adaptive,10,1,58,0.12176,79.2332,106.735,20.7668
adaptive,10,2,50,0.212143,89.217,134.632,10.783
adaptive,10,3,45,0.125626,78.9452,120.705,21.0548
adaptive,10,4,47,0.143064,84.3485,107.474,15.6515
adaptive,10,5,71,0.169276,87.3675,108.577,12.6325
adaptive,11,1,116,0.123412,79.2961,81.8034,20.7039
adaptive,11,2,126,0.21963,88.4302,128.733,11.5698
adaptive,11,3,141,0.125279,79.1986,139.02,20.8014
adaptive,11,4,92,0.134349,83.4478,126.459,16.5522
adaptive,11,5,122,0.16325,86.0393,110.108,13.9607
adaptive,12,1,252,0.126084,81.0402,83.7595,18.9598
adaptive,12,2,244,0.209243,89.072,135.484,10.928
adaptive,12,3,249,0.138612,81.1948,110.878,18.8052
adaptive,12,4,213,0.150286,85.5333,97.2498,14.4667
adaptive,12,5,247,0.16894,86.116,105.51,13.884
adaptive,13,1,447,0.127629,80.7426,86.5151,19.2574
adaptive,13,2,405,0.208265,89.3839,133.389,10.6161
adaptive,13,3,453,0.124858,78.9604,125.037,21.0396
adaptive,13,4,355,0.145877,85.3236,107.483,14.6764
adaptive,13,5,518,0.176584,87.6707,100.248,12.3293
adaptive,14,1,816,0.134936,82.8559,94.3381,17.1441
adaptive,14,2,935,0.219125,89.0284,134.7,10.9716
adaptive,14,3,867,0.133309,79.8576,106.733,20.1424
adaptive,14,4,846,0.140933,84.1757,108.238,15.8243
adaptive,14,5,955,0.165452,86.2363,104.256,13.7637
adaptive,15,1,1188,0.125319,78.7888,86.3279,21.2112
adaptive,15,2,1214,0.216297,89.9828,121.466,10.0172
adaptive,15,3,1331,0.133729,80.5893,101.379,19.4107
adaptive,15,4,1100,0.156056,86.44,98.3409,13.56
adaptive,15,5,1371,0.183081,87.3214,98.6016,12.6786
adaptive,16,1,1461,0.137719,80.3925,114.41,19.6075
adaptive,16,2,1616,0.189785,88.2881,151.677,11.7119
adaptive,16,3,1564,0.132503,80.0207,112.373,19.9793
adaptive,16,4,1498,0.148089,85.3865,99.1871,14.6135
adaptive,16,5,1784,0.174821,86.9423,103.392,13.0577
adaptive,17,1,1827,0.13451,81.464,96.4137,18.536
adaptive,17,2,1962,0.216316,88.7654,129.944,11.2346
adaptive,17,3,1926,0.140419,82.2575,99.2696,17.7425
adaptive,17,4,1940,0.151033,85.5371,94.7452,14.4629
adaptive,17,5,2067,0.159287,87.204,111.815,12.796
adaptive,18,1,2111,0.140082,82.9268,100.747,17.0732
adaptive,18,2,2278,0.220033,90.2348,118.978,9.76522
adaptive,18,3,2210,0.127454,76.3908,155.059,23.6092
adaptive,18,4,2248,0.153814,84.0129,103.771,15.9871
adaptive,18,5,2481,0.166588,86.6118,103.439,13.3882
adaptive,19,1,2394,0.145317,81.2955,144.609,18.7045
adaptive,19,2,2612,0.227314,87.1569,127.921,12.8431
adaptive,19,3,2482,0.132652,78.2969,113.732,21.7031
adaptive,19,4,2413,0.125685,80.2502,123.283,19.7498
adaptive,19,5,2895,0.178467,86.9448,127.26,13.0552
adaptive,20,1,2834,0.133746,79.1383,120.261,20.8617
adaptive,20,2,2874,0.204998,88.3208,136.488,11.6792
adaptive,20,3,2750,0.129566,78.0625,94.2284,21.9375
adaptive,20,4,2812,0.148011,84.9357,88.2918,15.0643
adaptive,20,5,3212,0.186131,89.6944,91.0538,10.3056
